{"stats": {"mean": [[[1.1080645322799683, 1.1095962524414062, 1.1066396236419678, 1.108070731163025, 0.002965745283290744, 49.80503845214844]]], "std": [[[0.055550120770931244, 0.05540703982114792, 0.05567687377333641, 0.055545203387737274, 0.0011265757493674755, 12.504959106445312]]]}, "lambda_coef": 1.1, "sigma_coef": 0.12}