loss,val_loss
0.11495228856801987,0.005244215484708548
0.0040528601966798306,0.0032802559435367584
0.003136332845315337,0.0028301957063376904
0.002707496751099825,0.0025005957577377558
0.002521475311368704,0.002308028284460306
0.002310715848580003,0.0021153094712644815
0.002226856304332614,0.001985760172829032
0.001997996587306261,0.0017934829229488969
0.0018948898650705814,0.001657580491155386
0.0017201586160808802,0.001477835699915886
0.00164469622541219,0.001363307936117053
0.0015764710260555148,0.0013626101426780224
0.001338898204267025,0.0011163904564455152
0.0015148221282288432,0.001260762452147901
0.0012308318400755525,0.0010280170245096087
0.0011610218789428473,0.0009544206550344825
0.001164695480838418,0.0009359807590954006
0.0011156266555190086,0.0008863814291544259
0.001112643862143159,0.0008758814074099064
0.0009857664117589593,0.0007820905884727836
