loss,val_loss
0.0997978001832962,0.005786598660051823
0.004269801080226898,0.003829292021691799
0.0034181794617325068,0.007623130921274424
0.0030913588125258684,0.007253570482134819
0.002685324754565954,0.006823962554335594
0.002357464749366045,0.0066689662635326385
0.0020850999280810356,0.003996241372078657
