loss,val_loss
0.06022793799638748,0.0032003384549170732
