{"stats": {"mean": [[[1.109834909439087, 1.1113802194595337, 1.1084109544754028, 1.109849452972412, 0.002980956342071295, 49.932315826416016]]], "std": [[[0.05641312524676323, 0.056265853345394135, 0.056542713195085526, 0.05640937015414238, 0.0011183795286342502, 12.454769134521484]]]}, "lambda_coef": 1.1, "sigma_coef": 0.12}