loss,val_loss
0.04640517011284828,0.005876647308468819
0.002866347087547183,0.009768346324563026
0.0023873881436884403,0.00934907328337431
0.0022482823114842176,0.030937453731894493
0.0020779434125870466,0.01647886075079441
0.0019152142340317369,0.0240837000310421
