loss,val_loss
0.03418095037341118,0.0016964576207101345
0.001672636135481298,0.0012549473904073238
0.0015010578790679574,0.0012229295680299401
0.0014385589165613055,0.0010322204325348139
0.0012674668105319142,0.0009088604710996151
0.0012343351263552904,0.0008711247355677187
0.0011525736190378666,0.0007551349117420614
0.0009963114280253649,0.0006559857865795493
0.0013876671437174082,0.0008920375839807093
0.0009063627803698182,0.0007296668482013047
0.0008141185971908271,0.0005946570308879018
0.0007502073422074318,0.0005579141434282064
0.0007350142113864422,0.0005266604130156338
0.0006938624428585172,0.0005299951299093664
0.000610861461609602,0.0020001984667032957
0.0006357098463922739,0.0010148672154173255
0.000611446681432426,0.0010264295851811767
0.0006359785329550505,0.00048794588656164706
0.0005614102119579911,0.0004557976790238172
0.0005780885112471879,0.0004078885540366173
0.0005157632404007018,0.0034024366177618504
0.0006837804103270173,0.0004237621324136853
0.0004992850590497255,0.0004966363194398582
0.0004959250218234956,0.0005112487706355751
0.0004892630386166275,0.0006463653990067542
