loss,val_loss
0.04172771796584129,0.009779335930943489
0.0025176650378853083,0.04650856554508209
0.002159868134185672,0.10377587378025055
0.0019497559405863285,0.08777981251478195
0.001842441619373858,0.04149845987558365
0.0016902105417102575,0.0359707772731781
