loss,val_loss
0.09240932762622833,0.011004908010363579
0.003682544454932213,0.0066623627208173275
0.0027448839973658323,0.0054984618909657
0.0024727038107812405,0.0051996102556586266
0.0023067831061780453,0.005551777780056
0.0021802992559969425,0.005821614991873503
0.00214154995046556,0.0055708675645291805
0.0020435370970517397,0.0054835369810462
0.001964426366612315,0.005316407885402441
