loss,val_loss
0.10175851732492447,0.003587237559258938
0.005489065777510405,0.004254679661244154
0.004546596668660641,0.0049466160126030445
0.004308284260332584,0.005027551203966141
0.004095179960131645,0.004606949165463448
0.003873260458931327,0.004355421755462885
