loss,val_loss
0.0970986858010292,0.005406597629189491
0.005200549960136414,0.006436259485781193
0.0043723671697080135,0.006391487084329128
0.004157952032983303,0.00650634104385972
0.003971671219915152,0.005655380897223949
0.0037495633587241173,0.005654366221278906
