loss,val_loss
0.8160837292671204,1.0245250463485718
0.43227601051330566,0.2745320200920105
0.08410448580980301,0.014707318507134914
0.027606621384620667,0.03173235431313515
0.019615789875388145,0.024563709273934364
0.0174179058521986,0.019649362191557884
0.01591615006327629,0.016674302518367767
0.01484470535069704,0.015617871657013893
