loss,val_loss
0.04696452245116234,0.011460094712674618
0.0025115504395216703,0.006162687204778194
0.0021667468827217817,0.00453585758805275
0.0019882991909980774,0.006457271054387093
0.0018523716134950519,0.010254246182739735
0.0017394989263266325,0.02027185820043087
0.0016641216352581978,0.005400016438215971
0.0015004887245595455,0.0790962353348732
