loss,val_loss
0.04444196820259094,0.0017593366792425513
0.0017218046123161912,0.0022030130494385958
0.0015077005373314023,0.0018501072190701962
0.0014118453254923224,0.002057192148640752
0.0013363659381866455,0.0019183462718501687
0.0012549060629680753,0.002058878308162093
