loss,val_loss
0.047279708087444305,0.00789548922330141
0.0021258979104459286,0.008290544152259827
0.0018422844586893916,0.011202202178537846
0.0016843549674376845,0.013897833414375782
0.0015677331248298287,0.015261388383805752
0.0014706072397530079,0.01096015889197588
