loss,val_loss
0.04937925562262535,0.008090049959719181
0.003262301441282034,0.010532825253903866
0.0027266398537904024,0.04140966385602951
0.0026372787542641163,0.02125473879277706
0.0022140652872622013,0.04172910377383232
0.002439651405438781,0.009560148231685162
