loss,val_loss
0.048639293760061264,0.009411830455064774
0.0028290674090385437,0.005149501841515303
0.002436118433251977,0.00716172531247139
0.002173244720324874,0.006099268794059753
0.002023692475631833,0.007987300865352154
0.0018481878796592355,0.01068785134702921
0.001697393599897623,0.013818071223795414
