fold,tail_mae_avg_pips
1,11.712074999999933
2,36.80597500000002
3,67.90499625000001
4,20.172075000000177
5,14.314212500000032
6,25.6076499999999
7,14.720750000000171
8,29.658437500000023
9,9.576925000000069
10,9.386099999999757
11,12.034437500000077
12,10.10438750000006
13,7.608487500000066
14,13.957775000000005
15,11.902162500000006
