{
  "folds": [
    17,
    18,
    19,
    20,
    21
  ],
  "arima": {
    "mean_mae_avg_pips": 40.298315582403816,
    "median_mae_avg_pips": 40.51209690248265,
    "mean_mae_avg_hlc_pips": 39.01650705273998,
    "mean_corr2_avg_hlc": 0.6019279010177503,
    "mean_da_body_pct": 43.63636363636364,
    "best_fold": 21,
    "best_fold_mae_avg_pips": 36.04917885632277,
    "worst_fold": 17,
    "worst_fold_mae_avg_pips": 45.79979385908905
  },
  "lstm": {
    "mean_mae_avg_pips": 33.29635700757579,
    "median_mae_avg_pips": 32.894409090909,
    "mean_mae_avg_hlc_pips": 36.71007904040404,
    "mean_corr2_avg_hlc": 0.6435915575645288,
    "mean_da_body_pct": 51.742424242424235,
    "best_fold": 19,
    "best_fold_mae_avg_pips": 30.673364583333406,
    "worst_fold": 17,
    "worst_fold_mae_avg_pips": 37.942954545454626,
    "mean_epochs_ran": 25.8,
    "mean_best_epoch": 20.8,
    "mean_best_val_loss": 0.00427255253307516
  },
  "bilstm": {
    "mean_mae_avg_pips": 28.546342424242425,
    "median_mae_avg_pips": 29.767329545454707,
    "mean_mae_avg_hlc_pips": 33.32963207070704,
    "mean_corr2_avg_hlc": 0.6918762349442606,
    "mean_da_body_pct": 46.36363636363636,
    "best_fold": 21,
    "best_fold_mae_avg_pips": 24.265784090908998,
    "worst_fold": 19,
    "worst_fold_mae_avg_pips": 30.623541666666625,
    "mean_epochs_ran": 16.8,
    "mean_best_epoch": 11.8,
    "mean_best_val_loss": 0.0047586587257682595
  },
  "artifacts": {
    "arima_metrics_csv": "/home/hduser/jupyter/gust/RisetEU/comparison/d1_ohlc/comparison_models_d1_wf72_test1_last5_v01_arima_metrics.csv",
    "lstm_metrics_csv": "/home/hduser/jupyter/gust/RisetEU/comparison/d1_ohlc/comparison_models_d1_wf72_test1_last5_v01_lstm_metrics.csv",
    "bilstm_metrics_csv": "/home/hduser/jupyter/gust/RisetEU/comparison/d1_ohlc/comparison_models_d1_wf72_test1_last5_v01_bilstm_metrics.csv",
    "pairwise_csv": "/home/hduser/jupyter/gust/RisetEU/comparison/d1_ohlc/comparison_models_d1_wf72_test1_last5_v01_pairwise.csv"
  }
}