fold,mae_gap_pips_lstm_minus_bilstm,corr2_gap_lstm_minus_bilstm,da_gap_pct_lstm_minus_bilstm
17,7.815511363636503,-0.053322633671589625,4.54545454545454
18,4.94679545454532,-0.011756832020316743,59.09090909090908
19,0.04982291666678407,-0.016173917295745355,4.166666666666657
20,3.3941022727271744,-0.004833060214753715,-22.72727272727272
21,7.5438409090910525,-0.1553369436962539,-18.18181818181818
