{"stats": {"mean": [[[1.1088674068450928, 1.1104174852371216, 1.1074416637420654, 1.1088786125183105, 0.0029762282501906157, 49.90959167480469]]], "std": [[[0.05594632029533386, 0.055801574140787125, 0.056072819977998734, 0.05594155564904213, 0.0011210819939151406, 12.43761920928955]]]}, "lambda_coef": 1.1, "sigma_coef": 0.12}