fold,mae_open,mae_high,mae_low,mae_close,mae_avg
1,0.00016047102564102853,0.0007031799999999947,0.0007790420512820466,0.001094413333333331,0.0006842766025641002
2,0.00026931820512820603,0.0007306399999999955,0.0008555717948717968,0.0010886723076923125,0.0007360505769230777
3,0.00025251309823677174,0.0007549362720403089,0.0008589977329974844,0.0010907193954659946,0.0007392916246851399
4,0.0004907787564766867,0.0009024098445595806,0.0014108847150259077,0.001568918911917097,0.0010932480569948182
5,0.0009013176623376636,0.0014758688311688353,0.0014052366233766227,0.0018303805194805265,0.001403200909090912
6,0.00047719615384615087,0.0015413102564102552,0.0014644928205128154,0.0021647399999999988,0.0014119348076923049
7,0.0004008159919028353,0.001095452226720643,0.0010730993927125486,0.0015685550607287444,0.0010344806680161927
