{
  "model": "ARIMA",
  "input_mode": "OHLC_only",
  "split": 0.9860686016,
  "mae": {
    "open": 0.001899599337703517,
    "high": 0.002111775162248941,
    "low": 0.0017198499957786328,
    "close": 0.002413664339037691,
    "avg": 0.0020362222086921953
  },
  "mae_pips": {
    "open": 18.99599337703517,
    "high": 21.11775162248941,
    "low": 17.19849995778633,
    "close": 24.13664339037691,
    "avg": 20.362222086921953
  },
  "targets": {
    "open": {
      "requested_order": [
        1,
        1,
        0
      ],
      "order_search": true,
      "selected_order": [
        1,
        0,
        0
      ],
      "used_order": [
        1,
        0,
        0
      ],
      "train_samples": 9343,
      "test_samples": 5,
      "aic": -88047.49447496308,
      "bic": -88033.20992368096,
      "search": {
        "selection_mode": "grid_search",
        "selection_metric": "aic",
        "selection_score": -88047.49447496308,
        "candidate_count": 18,
        "successful_candidates": 18,
        "failed_candidates": 0,
        "failed_details": []
      }
    },
    "high": {
      "requested_order": [
        1,
        1,
        0
      ],
      "order_search": true,
      "selected_order": [
        2,
        1,
        2
      ],
      "used_order": [
        2,
        1,
        2
      ],
      "train_samples": 9343,
      "test_samples": 5,
      "aic": -89573.2407112355,
      "bic": -89537.53093893995,
      "search": {
        "selection_mode": "grid_search",
        "selection_metric": "aic",
        "selection_score": -89573.2407112355,
        "candidate_count": 18,
        "successful_candidates": 18,
        "failed_candidates": 0,
        "failed_details": []
      }
    },
    "low": {
      "requested_order": [
        1,
        1,
        0
      ],
      "order_search": true,
      "selected_order": [
        2,
        1,
        2
      ],
      "used_order": [
        2,
        1,
        2
      ],
      "train_samples": 9343,
      "test_samples": 5,
      "aic": -89598.15040623164,
      "bic": -89562.44063393609,
      "search": {
        "selection_mode": "grid_search",
        "selection_metric": "aic",
        "selection_score": -89598.15040623164,
        "candidate_count": 18,
        "successful_candidates": 18,
        "failed_candidates": 0,
        "failed_details": []
      }
    },
    "close": {
      "requested_order": [
        1,
        1,
        0
      ],
      "order_search": true,
      "selected_order": [
        1,
        0,
        0
      ],
      "used_order": [
        1,
        0,
        0
      ],
      "train_samples": 9343,
      "test_samples": 5,
      "aic": -88141.4510467008,
      "bic": -88127.16649541867,
      "search": {
        "selection_mode": "grid_search",
        "selection_metric": "aic",
        "selection_score": -88141.4510467008,
        "candidate_count": 18,
        "successful_candidates": 18,
        "failed_candidates": 0,
        "failed_details": []
      }
    }
  }
}