pred_open,pred_high,pred_low,pred_close,true_open,true_high,true_low,true_close
1.1704760099506515,1.171418708248855,1.1702045918340214,1.1710761150654763,1.1708400249481201,1.171820044517517,1.1703200340270996,1.1704399585723877
1.1708460374855854,1.172104598952177,1.170420454873366,1.1704460906694325,1.1704599857330322,1.1706899404525757,1.1689800024032593,1.1693300008773804
1.1704659963189072,1.1705803645146449,1.1688182208142073,1.169336127159203,1.1693300008773804,1.170639991760254,1.1633700132369995,1.1644799709320068
1.1693360056605187,1.1705064430499785,1.1627356637224657,1.164486071803851,1.1644799709320068,1.165310025215149,1.1612800359725952,1.1617100238800049
1.1644859508091066,1.1647531151711854,1.1613604571231866,1.1617161102397129,1.1617300510406494,1.168239951133728,1.1614999771118164,1.1643999814987183
