{"stats": {"mean": [[[1.1093394756317139, 1.110899806022644, 1.1079223155975342, 1.1093560457229614, 0.002977751661092043, 49.96931838989258]]], "std": [[[0.0562082938849926, 0.056063439697027206, 0.056336380541324615, 0.056205298751592636, 0.0011200769804418087, 12.455336570739746]]]}, "lambda_coef": 1.1, "sigma_coef": 0.12}