loss,val_loss
0.09512414783239365,0.20049472153186798
0.0031644566915929317,0.007225452456623316
0.0024408490862697363,0.009103646501898766
0.002232920378446579,0.01312843058258295
0.002094346797093749,0.020121270790696144
0.0019872847478836775,0.021581433713436127
0.0019013906130567193,0.019701819866895676
