loss,val_loss
0.42853450775146484,0.5263592004776001
0.31348717212677,0.35113394260406494
0.14811745285987854,0.11401724815368652
0.02974427491426468,0.0110683748498559
0.01850995607674122,0.022304287180304527
0.01461399719119072,0.017466550692915916
0.012718180194497108,0.01447359286248684
0.011499772779643536,0.013793266378343105
0.01055130548775196,0.01257377490401268
