loss,val_loss
0.2201356440782547,0.16690461337566376
0.010479473508894444,0.039343785494565964
0.007527697831392288,0.02142655849456787
0.006421247497200966,0.013828814961016178
0.006042462307959795,0.01078347023576498
0.0056344750337302685,0.011045336723327637
0.0052427067421376705,0.01589333452284336
0.004773878026753664,0.01803504303097725
0.004341226536780596,0.01731652393937111
0.0046346141025424,0.010988254100084305
