loss,val_loss
0.48787739872932434,1.0174049139022827
0.19078558683395386,2.954049825668335
0.04209917411208153,0.7039222717285156
0.029905464500188828,0.31228721141815186
0.025358807295560837,0.14992614090442657
0.02192084491252899,0.05876727029681206
0.01870037242770195,0.016484307125210762
0.015550732612609863,0.11670675873756409
0.014304264448583126,0.24666202068328857
0.01355306338518858,0.2036488652229309
0.012530133128166199,0.1486942023038864
0.011987260542809963,0.1268426775932312
