loss,val_loss
0.1172880306839943,0.015267577022314072
0.004910648800432682,0.005118319299072027
0.0036040600389242172,0.0023777231108397245
0.003422013483941555,0.0027242638170719147
0.002842314075678587,0.005488635506480932
0.002718945499509573,0.005617973394691944
0.002714411588385701,0.005082360468804836
0.002508255885913968,0.0026166702155023813
