fold,arima_mae_avg_pips,arima_corr2_avg_hlc,arima_da_body_pct,lstm_mae_avg_pips,lstm_corr2_avg_hlc,lstm_da_body_pct,bilstm_mae_avg_pips,bilstm_corr2_avg_hlc,bilstm_da_body_pct,winner_mae,winner_corr2,winner_da
17,45.79979385908905,0.5305024760670489,36.36363636363637,37.942954545454626,0.5697208014858888,45.45454545454545,30.12744318181813,0.6230434351574784,40.909090909090914,bilstm_mae_avg_pips,bilstm_corr2_avg_hlc,lstm_da_body_pct
18,40.51209690248265,0.8686230262696782,54.54545454545454,32.894409090909,0.8876995318916118,77.27272727272727,27.947613636363677,0.8994563639119285,18.181818181818183,bilstm_mae_avg_pips,bilstm_corr2_avg_hlc,lstm_da_body_pct
19,40.90614427631223,0.6975069274733469,50.0,30.673364583333406,0.7781012355343213,54.166666666666664,30.623541666666625,0.7942751528300667,50.0,bilstm_mae_avg_pips,bilstm_corr2_avg_hlc,lstm_da_body_pct
20,38.22436401781237,0.4282332969228821,36.36363636363637,33.16143181818188,0.5474085690230712,40.909090909090914,29.767329545454707,0.5522416292378249,63.63636363636363,bilstm_mae_avg_pips,bilstm_corr2_avg_hlc,bilstm_da_body_pct
21,36.04917885632277,0.4847737783557955,40.909090909090914,31.809625000000054,0.4350276498877507,40.909090909090914,24.265784090908998,0.5903645935840046,59.09090909090909,bilstm_mae_avg_pips,bilstm_corr2_avg_hlc,bilstm_da_body_pct
