fold,samples,mae_open_pips,mae_high_pips,mae_low_pips,mae_close_pips,mae_avg_pips,mae_avg_hlc_pips,corr2_open,corr2_high,corr2_low,corr2_close,corr2_avg_ohlc,corr2_avg_hlc,da_body_pct,epochs_ran,best_epoch,best_val_loss
17,22,28.438409090909044,31.998181818181877,40.43672727272746,50.898500000000126,37.942954545454626,41.11113636363649,0.816409587632502,0.7013634698744057,0.5680719622472441,0.43972697233601665,0.6313929980225421,0.5697208014858888,45.45454545454545,29,24,0.0051309582777321
18,22,24.75218181818183,34.74122727272695,29.075999999999798,43.00822727272743,32.894409090909,35.60848484848473,0.9424998230064288,0.8886045181856923,0.9290746899189192,0.8454193875702238,0.9013996046703161,0.8876995318916118,77.27272727272727,24,19,0.0039235260337591
19,24,13.777000000000003,30.465916666666725,31.790583333333547,46.65995833333335,30.673364583333406,36.30548611111121,0.972439666983428,0.8271084202393828,0.8659883568234146,0.6412069295401667,0.826685843396598,0.7781012355343213,54.166666666666664,40,35,0.0046771601773798
20,22,25.81681818181868,32.62063636363641,28.488863636363785,45.71940909090865,33.16143181818188,35.60963636363628,0.7394949628895602,0.5807402842698555,0.7390372793460809,0.3224481434532773,0.5954301674896935,0.5474085690230712,40.909090909090914,19,14,0.0041090832091867
21,22,22.491545454545612,29.79572727272723,33.352590909091184,41.59863636363619,31.809625000000054,34.91565151515153,0.7660247339196863,0.5626690593197367,0.4876893046881332,0.2547245856553824,0.5177769208957347,0.4350276498877507,40.909090909090914,17,12,0.0035220349673181
