fold,samples,mae_open_pips,mae_high_pips,mae_low_pips,mae_close_pips,mae_avg_pips,mae_avg_hlc_pips,corr2_open,corr2_high,corr2_low,corr2_close,corr2_avg_ohlc,corr2_avg_hlc,da_body_pct
17,22,47.504646193953334,39.27943142004266,46.86396177834749,49.55113604401272,45.79979385908905,45.23150974746763,0.5457305112443069,0.5931195098390774,0.528692379040997,0.4696955393210725,0.5343094848613634,0.5305024760670489,36.36363636363637
18,22,46.921021271545506,38.22928581407758,34.456548494542396,42.44153202976512,40.51209690248265,38.37578877946169,0.8006678218383851,0.8643637521814349,0.882293046317994,0.8592122803096055,0.8516342251618549,0.8686230262696782,54.54545454545454
19,24,41.58758587620659,41.243978973100056,34.733256332049415,46.05975592389289,40.90614427631223,40.67899707634745,0.7257941109716075,0.5883698269123316,0.8338282900584043,0.6703226654493045,0.704578723347912,0.6975069274733469,50.0
20,22,45.201427060057995,31.258173300520266,33.60816877204928,42.829686938621926,38.22436401781237,35.898676337063826,0.4307393666544522,0.5092419589275485,0.5914480176830931,0.18400991415800458,0.4288598143557746,0.4282332969228821,36.36363636363637
21,22,39.50402545521309,33.43833557393336,31.64887281813694,39.60548157800771,36.04917885632277,34.897563323359336,0.41693107936996165,0.5477043782266255,0.5084190556133923,0.3981979012273687,0.46781310360933703,0.4847737783557955,40.909090909090914
