fold,samples,mae_open_pips,mae_high_pips,mae_low_pips,mae_close_pips,mae_avg_pips,mae_avg_hlc_pips,corr2_open,corr2_high,corr2_low,corr2_close,corr2_avg_ohlc,corr2_avg_hlc,da_body_pct,epochs_ran,best_epoch,best_val_loss
17,22,10.45381818181792,29.717500000000097,32.171409090909044,48.16704545454545,30.12744318181813,36.6853181818182,0.9700703574909235,0.7607281748615706,0.6673602877720849,0.4410418428387797,0.7098001657408397,0.6230434351574784,40.909090909090914,16,11,0.00549898436293
18,22,18.64363636363644,28.022818181818028,25.215590909091,39.90840909090924,27.947613636363677,31.048939393939424,0.9715603765174777,0.9043627519057333,0.941540504746392,0.8524658350836605,0.9174823670633159,0.8994563639119285,18.181818181818183,14,9,0.0042795431800186
19,24,14.95845833333324,27.819083333333328,32.71879166666685,46.99783333333309,30.623541666666625,35.84523611111109,0.984285908520444,0.8614309220136439,0.8604940124399959,0.6609005240365604,0.8417778417526611,0.7942751528300667,50.0,22,17,0.0062120794318616
20,22,20.816090909091535,29.23522727272739,26.18504545454547,42.83295454545442,29.767329545454707,32.75107575757576,0.8429272232891297,0.5954349679579686,0.7646325124100231,0.29665740734548335,0.6249130277506512,0.5522416292378249,63.63636363636363,12,7,0.0044829067774116
21,22,6.110363636363727,24.513363636363692,25.494499999999935,40.94490909090864,24.265784090908998,30.317590909090754,0.9857782813189832,0.7115596410477939,0.6936116942071568,0.365922445497063,0.6892180155177493,0.5903645935840046,59.09090909090909,20,15,0.0033197798766195
