loss,val_loss
0.06279729306697845,0.0035856841132044792
0.00338014867156744,0.0029195602983236313
0.0029680102597922087,0.0024649840779602528
0.002461358904838562,0.002244288567453623
0.0022017161827534437,0.0019891837146133184
0.002021355554461479,0.0017974338261410594
0.0018394353101029992,0.0016019477043300867
0.0015840457053855062,0.0014686109498143196
0.0014334747102111578,0.0012659596977755427
0.0013738448033109307,0.001112205907702446
0.0013414351269602776,0.0011453106999397278
0.0011597678530961275,0.0009473872487433255
0.0011486641597002745,0.0009387522004544735
0.0011334384325891733,0.0008727613603696227
0.0012013677041977644,0.0011218787403777242
0.0010306891053915024,0.0008833894971758127
0.0009360200492665172,0.0007889802800491452
0.0009671470033936203,0.0007498454069718719
0.0008902584086172283,0.0007429292309097946
0.0009728202712722123,0.0009263991960324347
0.0008121600258164108,0.0007053645676933229
0.0008295805309899151,0.0006632774020545185
0.0007977127679623663,0.0006624500383622944
0.0007727995980530977,0.0006800285773351789
0.0008205363410525024,0.0007852024864405394
0.0007281994912773371,0.0006670720758847892
0.0007998009095899761,0.0006635680911131203
0.0007591169560328126,0.0006136908195912838
0.0006927216309122741,0.0006521588657051325
0.0007017991738393903,0.0006367996102198958
0.0006965104257687926,0.0006296017672866583
0.0006912747630849481,0.000624524021986872
0.0006791144842281938,0.0006050035008229315
0.0006694039329886436,0.0006136654410511255
0.000664717226754874,0.0006171579007059336
0.0006596249295398593,0.0006315335631370544
0.0006509140366688371,0.0006237332127057016
0.0006493304972536862,0.0006258595385588706
