loss,val_loss
0.09135110676288605,0.0039785574190318584
0.0037600956857204437,0.0033599701710045338
0.0032310071401298046,0.002787049161270261
0.002983325393870473,0.0025457446463406086
0.002760428935289383,0.0024359687231481075
0.002533632330596447,0.002432290930300951
0.002328261034563184,0.00221792864613235
0.0022470406256616116,0.002154784742742777
0.001960562076419592,0.0019536674953997135
0.0020476626232266426,0.0017179128481075168
0.0017592961667105556,0.0014153469819575548
0.0017454206245020032,0.001304687699303031
0.0020388516131788492,0.0013361964374780655
0.00164747703820467,0.0012446603504940867
0.001484379405155778,0.0010986272245645523
0.0014487630687654018,0.0010376095306128263
0.0013956826878711581,0.0009212683653458953
0.0015627315733581781,0.0010433676652610302
0.0013000834733247757,0.0009063740726560354
0.0010925510432571173,0.0007962108356878161
0.0014877651119604707,0.0008811475127004087
0.0010309760691598058,0.0007586138672195375
0.001125732553191483,0.0007686999160796404
0.0011765913804993033,0.0007510333671234548
0.0010627215960994363,0.0007381378090940416
0.0010582450777292252,0.0007102950476109982
0.0009989291429519653,0.0007046820828691125
0.0009832036448642612,0.0006812000065110624
0.0010137540521100163,0.0006918986910022795
0.0009782464476302266,0.0006714595947414637
0.0009363518911413848,0.0006644139648415148
0.0009194527519866824,0.0006546131335198879
0.0009506450733169913,0.000654603005386889
0.0009180147317238152,0.000647366454359144
0.0009131666738539934,0.0006449378561228514
0.0008991269860416651,0.0006405544700101018
0.0008980519487522542,0.0006372174830175936
0.0008886558935046196,0.0006350904586724937
0.000879543018527329,0.0006325001595541835
0.0008731755660846829,0.0006311879842542112
0.0008672871626913548,0.0006294437334872782
0.000859446416143328,0.0006272508762776852
0.0008530777413398027,0.0006283178809098899
0.0008498553070239723,0.0006255735643208027
0.0008409729925915599,0.00062434101710096
0.0008373995660804212,0.0006233069580048323
0.0008338490733876824,0.0006240337388589978
0.0008329973788931966,0.0006211939617060125
0.0008262456394731998,0.0006222506635822356
0.000822871457785368,0.000620397855527699
