loss,val_loss
0.811267077922821,1.0795027017593384
0.5542133450508118,0.570577085018158
0.25758135318756104,0.10481679439544678
0.05505560711026192,0.014723618514835835
0.025561779737472534,0.029749421402812004
0.019385313615202904,0.02563817799091339
0.017078228294849396,0.019244104623794556
0.016035253182053566,0.017972949892282486
0.015079946257174015,0.017485858872532845
