name,job,mae_avg_pips,mae_open_pips,mae_high_pips,mae_low_pips,mae_close_pips,preds,train_seconds,window,units,activation,lr,epochs,lambda_coef,sigma_coef,batch
lstm_s6_w12_h256_actrelu_lr0.0009_e40_lam0.8_sig0.1_b128,lstm_s6_e40,9.206087121212112,2.692893939393937,10.828075757575666,9.11040909090908,14.192969696969769,/home/hduser/jupyter/gust/RisetEU/FLF_LSTM/results/lstm_pipeline_wf72_test1/lstm_s6_e40_preds.csv,46.29994790900673,12,256,relu,0.0009,40,0.8,0.1,128
lstm_s6_w12_h256_actrelu_lr0.0009_e50_lam0.8_sig0.1_b128,lstm_s6_e50,9.051374999999997,2.5103484848485325,10.644083333333322,9.012969696969684,14.038098484848447,/home/hduser/jupyter/gust/RisetEU/FLF_LSTM/results/lstm_pipeline_wf72_test1/lstm_s6_e50_preds.csv,57.18209426700196,12,256,relu,0.0009,50,0.8,0.1,128
lstm_s6_w12_h256_actrelu_lr0.0009_e60_lam0.8_sig0.1_b128,lstm_s6_e60,8.95250189393941,2.4329848484849927,10.583734848484776,8.945537878787773,13.847750000000097,/home/hduser/jupyter/gust/RisetEU/FLF_LSTM/results/lstm_pipeline_wf72_test1/lstm_s6_e60_preds.csv,68.1163442620018,12,256,relu,0.0009,60,0.8,0.1,128
