loss,val_loss
0.03454195708036423,0.0030825610738247633
0.002214453648775816,0.0017902444815263152
0.001855771872214973,0.0017767780227586627
0.001579980831593275,0.0009737169602885842
0.0013775466941297054,0.0009019036078825593
0.0012001220602542162,0.0010928899282589555
0.0009920807788148522,0.0013330024667084217
0.0009725377894937992,0.001166050205938518
0.0009726256248541176,0.0009797384263947606
0.0007871503476053476,0.0009899454889819026
