fold,mae_open,mae_high,mae_low,mae_close,mae_avg
42,0.0018881327868852495,0.0019495000000000083,0.0017610852459016342,0.002166642622950823,0.001941340163934429
43,0.0004171524590163867,0.0010410131147541065,0.0009675229508196592,0.00148428196721312,0.000977492622950818
44,0.0005000540983606577,0.0011111245901639312,0.0009043131147541188,0.0015441967213114817,0.0010149221311475474
45,0.00041251639344262123,0.0011559852459016348,0.0009558918032786769,0.0014088622950819678,0.0009833139344262252
46,0.001753390163934442,0.002180621311475414,0.002112536065573757,0.0023001016393442686,0.00208666229508197
