fold,tail_mae_avg
42,0.0016650525
43,0.0014412624999999846
44,0.0010193500000000104
45,0.0008871012499999942
46,0.001808768749999995
