loss,val_loss
0.4617675542831421,0.4901585578918457
0.13819552958011627,69.66841125488281
0.02314695343375206,56.81304931640625
0.01860293373465538,39.11833572387695
0.016687557101249695,25.572616577148438
0.015583961270749569,18.812183380126953
