loss,val_loss
0.4922497272491455,1.27376389503479
0.18752798438072205,7.644218921661377
0.029585886746644974,9.73025894165039
0.02162490040063858,0.9438806772232056
0.018199443817138672,0.29740193486213684
0.015559708699584007,1.3650846481323242
0.014563634991645813,0.9713927507400513
0.012358003295958042,0.8485236763954163
0.011588486842811108,2.2836365699768066
0.011380481533706188,3.8701653480529785
