loss,val_loss
0.5042341351509094,5.169448375701904
0.2310236394405365,1969.75341796875
0.09452001005411148,49.26401901245117
0.07385401427745819,219.4210662841797
0.06067841127514839,558.040283203125
0.051437318325042725,115.3017349243164
