{
  "scope": {
    "profile": "D1 TVT v02",
    "folds": [
      19,
      20,
      21
    ],
    "tuning_folds": "13-18",
    "evaluation_folds": "19-21"
  },
  "arima": {
    "mean_mae_open_pips": 42.49396484977353,
    "mean_mae_high_pips": 33.38273051872358,
    "mean_mae_low_pips": 33.45915919319024,
    "mean_mae_close_pips": 41.19219573467162,
    "mean_mae_avg_pips": 37.63201257408975,
    "median_mae_avg_pips": 36.04917885632277,
    "mean_mae_avg_hlc_pips": 36.01136181552848,
    "mean_corr2_open": 0.42790881258157004,
    "mean_corr2_high": 0.5217672739042983,
    "mean_corr2_low": 0.5777924895677419,
    "mean_corr2_close": 0.3771983750708754,
    "mean_corr2_avg_ohlc": 0.47616673778112134,
    "mean_corr2_avg_hlc": 0.49225271284763855,
    "mean_da_body_pct": 40.68950373298199,
    "best_fold": 20,
    "best_fold_mae_avg_pips": 35.839178062587266,
    "worst_fold": 19,
    "worst_fold_mae_avg_pips": 41.0076808033592,
    "total_samples": 66
  },
  "lstm": {
    "mean_mae_open_pips": 17.692712434908334,
    "mean_mae_high_pips": 30.77710395884306,
    "mean_mae_low_pips": 31.733384308927963,
    "mean_mae_close_pips": 49.05246869314254,
    "mean_mae_avg_pips": 32.31391734895548,
    "median_mae_avg_pips": 28.238011363636325,
    "mean_mae_avg_hlc_pips": 37.18765232030452,
    "mean_corr2_open": 0.8242851197880596,
    "mean_corr2_high": 0.6468694543797779,
    "mean_corr2_low": 0.6583293366975468,
    "mean_corr2_close": 0.35395865304425445,
    "mean_corr2_avg_ohlc": 0.6208606409774097,
    "mean_corr2_avg_hlc": 0.5530524813738598,
    "mean_da_body_pct": 51.656314699792965,
    "best_fold": 20,
    "best_fold_mae_avg_pips": 28.180642857143027,
    "worst_fold": 19,
    "worst_fold_mae_avg_pips": 40.523097826087074,
    "total_samples": 66,
    "mean_epochs_ran": 41.666666666666664,
    "mean_best_epoch": 36.666666666666664,
    "mean_best_val_loss": 0.004915425165866767
  },
  "bilstm": {
    "mean_mae_open_pips": 7.853028860029158,
    "mean_mae_high_pips": 27.598233546646764,
    "mean_mae_low_pips": 27.406615973398456,
    "mean_mae_close_pips": 42.050447550034335,
    "mean_mae_avg_pips": 26.227081482527183,
    "median_mae_avg_pips": 24.025931818181796,
    "mean_mae_avg_hlc_pips": 32.35176569002652,
    "mean_corr2_open": 0.9828890391395214,
    "mean_corr2_high": 0.6776108556921985,
    "mean_corr2_low": 0.7295986273809268,
    "mean_corr2_close": 0.3816399531609576,
    "mean_corr2_avg_ohlc": 0.692934618843401,
    "mean_corr2_avg_hlc": 0.596283145411361,
    "mean_da_body_pct": 51.656314699792965,
    "best_fold": 20,
    "best_fold_mae_avg_pips": 23.11534523809534,
    "worst_fold": 19,
    "worst_fold_mae_avg_pips": 31.5399673913044,
    "total_samples": 66,
    "mean_epochs_ran": 19.333333333333332,
    "mean_best_epoch": 14.333333333333334,
    "mean_best_val_loss": 0.006045859927932367
  },
  "artifacts": {
    "html": "/home/hduser/jupyter/gust/RisetEU/comparison/tvt_v02/d1/comparison_models_d1_tvt_v02_last3_v01.html",
    "summary_csv": "/home/hduser/jupyter/gust/RisetEU/comparison/tvt_v02/d1/comparison_models_d1_tvt_v02_last3_v01_summary.csv",
    "pairwise_csv": "/home/hduser/jupyter/gust/RisetEU/comparison/tvt_v02/d1/comparison_models_d1_tvt_v02_last3_v01_pairwise.csv",
    "arima_metrics_csv": "/home/hduser/jupyter/gust/RisetEU/comparison/tvt_v02/d1/comparison_models_d1_tvt_v02_last3_v01_arima_metrics.csv",
    "lstm_metrics_csv": "/home/hduser/jupyter/gust/RisetEU/comparison/tvt_v02/d1/comparison_models_d1_tvt_v02_last3_v01_lstm_metrics.csv",
    "bilstm_metrics_csv": "/home/hduser/jupyter/gust/RisetEU/comparison/tvt_v02/d1/comparison_models_d1_tvt_v02_last3_v01_bilstm_metrics.csv",
    "arima_candle_audit_csv": "/home/hduser/jupyter/gust/RisetEU/comparison/tvt_v02/d1/comparison_models_d1_tvt_v02_last3_v01_arima_candle_audit.csv",
    "atr_relation_csv": "/home/hduser/jupyter/gust/RisetEU/comparison/tvt_v02/d1/comparison_models_d1_tvt_v02_last3_v01_atr_relation.csv"
  }
}