{
  "model": "ARIMA",
  "input_mode": "OHLC_only",
  "split": 0.9867004433,
  "mae": {
    "open": 0.004682866180137024,
    "high": 0.002519508881787673,
    "low": 0.0034624148132346207,
    "close": 0.003670881349875651,
    "avg": 0.003583917806258742
  },
  "mae_pips": {
    "open": 46.828661801370245,
    "high": 25.19508881787673,
    "low": 34.62414813234621,
    "close": 36.70881349875651,
    "avg": 35.83917806258742
  },
  "targets": {
    "open": {
      "requested_order": [
        1,
        1,
        0
      ],
      "order_search": true,
      "selected_order": [
        1,
        0,
        0
      ],
      "used_order": [
        1,
        0,
        0
      ],
      "train_samples": 1558,
      "test_samples": 21,
      "aic": -11993.694350259986,
      "bic": -11982.993317916318,
      "search": {
        "selection_mode": "grid_search",
        "selection_metric": "aic",
        "selection_score": -11993.694350259986,
        "candidate_count": 18,
        "successful_candidates": 18,
        "failed_candidates": 0,
        "failed_details": []
      }
    },
    "high": {
      "requested_order": [
        1,
        1,
        0
      ],
      "order_search": true,
      "selected_order": [
        1,
        0,
        1
      ],
      "used_order": [
        1,
        0,
        1
      ],
      "train_samples": 1558,
      "test_samples": 21,
      "aic": -12414.106237812377,
      "bic": -12398.056616698163,
      "search": {
        "selection_mode": "grid_search",
        "selection_metric": "aic",
        "selection_score": -12414.106237812377,
        "candidate_count": 18,
        "successful_candidates": 18,
        "failed_candidates": 0,
        "failed_details": []
      }
    },
    "low": {
      "requested_order": [
        1,
        1,
        0
      ],
      "order_search": true,
      "selected_order": [
        1,
        1,
        0
      ],
      "used_order": [
        1,
        1,
        0
      ],
      "train_samples": 1558,
      "test_samples": 21,
      "aic": -12519.828231301331,
      "bic": -12509.128483891855,
      "search": {
        "selection_mode": "grid_search",
        "selection_metric": "aic",
        "selection_score": -12519.828231301331,
        "candidate_count": 18,
        "successful_candidates": 18,
        "failed_candidates": 0,
        "failed_details": []
      }
    },
    "close": {
      "requested_order": [
        1,
        1,
        0
      ],
      "order_search": true,
      "selected_order": [
        1,
        0,
        0
      ],
      "used_order": [
        1,
        0,
        0
      ],
      "train_samples": 1558,
      "test_samples": 21,
      "aic": -11974.85967300097,
      "bic": -11964.158640657302,
      "search": {
        "selection_mode": "grid_search",
        "selection_metric": "aic",
        "selection_score": -11974.85967300097,
        "candidate_count": 18,
        "successful_candidates": 18,
        "failed_candidates": 0,
        "failed_details": []
      }
    }
  }
}