{
  "model": "ARIMA",
  "input_mode": "OHLC_only",
  "split": 0.9854522454,
  "mae": {
    "open": 0.00411492072927378,
    "high": 0.004151476716436004,
    "low": 0.0034104456629087216,
    "close": 0.004726229212725089,
    "avg": 0.004100768080335899
  },
  "mae_pips": {
    "open": 41.1492072927378,
    "high": 41.51476716436004,
    "low": 34.10445662908722,
    "close": 47.26229212725089,
    "avg": 41.00768080335898
  },
  "targets": {
    "open": {
      "requested_order": [
        1,
        1,
        0
      ],
      "order_search": true,
      "selected_order": [
        1,
        0,
        0
      ],
      "used_order": [
        1,
        0,
        0
      ],
      "train_samples": 1558,
      "test_samples": 23,
      "aic": -12012.796288809222,
      "bic": -12002.095256465554,
      "search": {
        "selection_mode": "grid_search",
        "selection_metric": "aic",
        "selection_score": -12012.796288809222,
        "candidate_count": 18,
        "successful_candidates": 18,
        "failed_candidates": 0,
        "failed_details": []
      }
    },
    "high": {
      "requested_order": [
        1,
        1,
        0
      ],
      "order_search": true,
      "selected_order": [
        1,
        0,
        1
      ],
      "used_order": [
        1,
        0,
        1
      ],
      "train_samples": 1558,
      "test_samples": 23,
      "aic": -12442.176520716686,
      "bic": -12426.126899602472,
      "search": {
        "selection_mode": "grid_search",
        "selection_metric": "aic",
        "selection_score": -12442.176520716686,
        "candidate_count": 18,
        "successful_candidates": 18,
        "failed_candidates": 0,
        "failed_details": []
      }
    },
    "low": {
      "requested_order": [
        1,
        1,
        0
      ],
      "order_search": true,
      "selected_order": [
        1,
        1,
        0
      ],
      "used_order": [
        1,
        1,
        0
      ],
      "train_samples": 1558,
      "test_samples": 23,
      "aic": -12531.840353920928,
      "bic": -12521.140606511452,
      "search": {
        "selection_mode": "grid_search",
        "selection_metric": "aic",
        "selection_score": -12531.840353920928,
        "candidate_count": 18,
        "successful_candidates": 18,
        "failed_candidates": 0,
        "failed_details": []
      }
    },
    "close": {
      "requested_order": [
        1,
        1,
        0
      ],
      "order_search": true,
      "selected_order": [
        1,
        0,
        0
      ],
      "used_order": [
        1,
        0,
        0
      ],
      "train_samples": 1558,
      "test_samples": 23,
      "aic": -12002.679480391424,
      "bic": -11991.978448047756,
      "search": {
        "selection_mode": "grid_search",
        "selection_metric": "aic",
        "selection_score": -12002.679480391424,
        "candidate_count": 18,
        "successful_candidates": 18,
        "failed_candidates": 0,
        "failed_details": []
      }
    }
  }
}