loss,val_loss
0.1642574518918991,0.14436917006969452
0.01615823060274124,0.01087216753512621
0.011272941716015339,0.007613742724061012
0.01016021054238081,0.00870237872004509
0.009250498376786709,0.011487897485494614
0.008497257716953754,0.01482228934764862
0.007766614202409983,0.020470067858695984
0.007184508256614208,0.018727313727140427
