{"stats": {"mean": [[[1.108427882194519, 1.109972596168518, 1.1070114374160767, 1.108437180519104, 0.00297154625877738, 49.84865951538086]]], "std": [[[0.05574323609471321, 0.05559857562184334, 0.05586789920926094, 0.05573815852403641, 0.0011237234575673938, 12.488956451416016]]]}, "lambda_coef": 1.1, "sigma_coef": 0.12}