{
  "scope": {
    "profile": "H4 TVT v02",
    "folds": [
      19,
      20,
      21
    ],
    "tuning_folds": "13-18",
    "evaluation_folds": "19-21"
  },
  "arima": {
    "mean_mae_open_pips": 15.074914594794732,
    "mean_mae_high_pips": 13.453796997292471,
    "mean_mae_low_pips": 13.443962827902375,
    "mean_mae_close_pips": 14.786624592872888,
    "mean_mae_avg_pips": 14.189824753215618,
    "median_mae_avg_pips": 14.107867560316707,
    "mean_mae_avg_hlc_pips": 13.89479480602258,
    "mean_corr2_open": 0.872872849235708,
    "mean_corr2_high": 0.8802381798212395,
    "mean_corr2_low": 0.8910546129927722,
    "mean_corr2_close": 0.8749972354195502,
    "mean_corr2_avg_ohlc": 0.8797907193673175,
    "mean_corr2_avg_hlc": 0.882096676077854,
    "mean_da_body_pct": 50.24938829286655,
    "best_fold": 21,
    "best_fold_mae_avg_pips": 12.448178269604274,
    "worst_fold": 19,
    "worst_fold_mae_avg_pips": 16.01342842972587,
    "total_samples": 396
  },
  "lstm": {
    "mean_mae_open_pips": 4.222531233661726,
    "mean_mae_high_pips": 11.670293389380332,
    "mean_mae_low_pips": 11.087068040654968,
    "mean_mae_close_pips": 15.336923426814764,
    "mean_mae_avg_pips": 10.579204022627946,
    "median_mae_avg_pips": 9.862353174603204,
    "mean_mae_avg_hlc_pips": 12.698094952283355,
    "mean_corr2_open": 0.9940931916681498,
    "mean_corr2_high": 0.9198090584518614,
    "mean_corr2_low": 0.9462004585082952,
    "mean_corr2_close": 0.8698837781226958,
    "mean_corr2_avg_ohlc": 0.9324966216877506,
    "mean_corr2_avg_hlc": 0.9119644316942841,
    "mean_da_body_pct": 49.997908693560866,
    "best_fold": 21,
    "best_fold_mae_avg_pips": 9.104954545454557,
    "worst_fold": 19,
    "worst_fold_mae_avg_pips": 12.770304347826077,
    "total_samples": 396,
    "mean_epochs_ran": 38.666666666666664,
    "mean_best_epoch": 33.666666666666664,
    "mean_best_val_loss": 0.0005090675161530333
  },
  "bilstm": {
    "mean_mae_open_pips": 5.455739846707324,
    "mean_mae_high_pips": 12.189203588681798,
    "mean_mae_low_pips": 11.99672650940046,
    "mean_mae_close_pips": 15.952979756153733,
    "mean_mae_avg_pips": 11.398662425235829,
    "median_mae_avg_pips": 11.846676587301621,
    "mean_mae_avg_hlc_pips": 13.379636618078663,
    "mean_corr2_open": 0.9846002248680285,
    "mean_corr2_high": 0.9017761522594722,
    "mean_corr2_low": 0.9250271122131147,
    "mean_corr2_close": 0.852604577288755,
    "mean_corr2_avg_ohlc": 0.9160020166573425,
    "mean_corr2_avg_hlc": 0.8931359472537806,
    "mean_da_body_pct": 52.20894242633374,
    "best_fold": 21,
    "best_fold_mae_avg_pips": 9.484687499999986,
    "worst_fold": 19,
    "worst_fold_mae_avg_pips": 12.86462318840588,
    "total_samples": 396,
    "mean_epochs_ran": 31.666666666666668,
    "mean_best_epoch": 26.666666666666668,
    "mean_best_val_loss": 0.0005246302753221001
  },
  "artifacts": {
    "html": "/home/hduser/jupyter/gust/RisetEU/comparison/tvt_v02/h4/comparison_models_h4_tvt_v02_last3_v01.html",
    "summary_csv": "/home/hduser/jupyter/gust/RisetEU/comparison/tvt_v02/h4/comparison_models_h4_tvt_v02_last3_v01_summary.csv",
    "pairwise_csv": "/home/hduser/jupyter/gust/RisetEU/comparison/tvt_v02/h4/comparison_models_h4_tvt_v02_last3_v01_pairwise.csv",
    "arima_metrics_csv": "/home/hduser/jupyter/gust/RisetEU/comparison/tvt_v02/h4/comparison_models_h4_tvt_v02_last3_v01_arima_metrics.csv",
    "lstm_metrics_csv": "/home/hduser/jupyter/gust/RisetEU/comparison/tvt_v02/h4/comparison_models_h4_tvt_v02_last3_v01_lstm_metrics.csv",
    "bilstm_metrics_csv": "/home/hduser/jupyter/gust/RisetEU/comparison/tvt_v02/h4/comparison_models_h4_tvt_v02_last3_v01_bilstm_metrics.csv",
    "arima_candle_audit_csv": "/home/hduser/jupyter/gust/RisetEU/comparison/tvt_v02/h4/comparison_models_h4_tvt_v02_last3_v01_arima_candle_audit.csv",
    "atr_relation_csv": "/home/hduser/jupyter/gust/RisetEU/comparison/tvt_v02/h4/comparison_models_h4_tvt_v02_last3_v01_atr_relation.csv"
  }
}