fold,mae_open,mae_high,mae_low,mae_close,mae_avg
19,0.0009545159420289738,0.0013480159420289834,0.0016010086956521684,0.002020944927536236,0.0014811213768115904
20,0.0007408150793650953,0.0013306293650793611,0.0012931317460317534,0.0016431928571428564,0.0012519422619047666
21,0.0005779045454545447,0.0011419522727272734,0.0011007386363636354,0.001457729545454552,0.0010695812500000014
