fold,tail_mae_avg
19,0.0020756762499999915
20,0.0011454662500000156
21,0.0008479387499999935
