loss,val_loss
0.08998070657253265,0.01029843371361494
0.002044457709416747,0.0035571216139942408
0.0014587128534913063,0.00305312336422503
0.0013370210072025657,0.0028099033515900373
0.0012601716443896294,0.002745724283158779
0.0012028985656797886,0.00312512437812984
0.0011617644922807813,0.0035175662487745285
0.001119172084145248,0.00376054341904819
0.001088180928491056,0.0038884328678250313
0.0010621418477967381,0.003986193332821131
