loss,val_loss
0.18580767512321472,0.07799472659826279
0.022599710151553154,0.023706331849098206
0.016870319843292236,0.01604151725769043
0.014645802788436413,0.017250344157218933
0.013070397078990936,0.02530958317220211
0.01181674376130104,0.04960131645202637
0.010723338462412357,0.13746091723442078
0.010412597097456455,0.05514631047844887
