loss,val_loss
0.19555234909057617,1559.3372802734375
0.03902585804462433,36.02684020996094
0.025548746809363365,10.05693244934082
0.022249968722462654,20.183467864990234
0.016933631151914597,74.10645294189453
0.01577654667198658,44.33961868286133
0.014028957113623619,43.02668380737305
0.013768356293439865,14.830918312072754
