loss,val_loss
0.18407444655895233,2.73988676071167
0.025191660970449448,0.24964268505573273
0.01659289374947548,0.10868291556835175
0.01371011696755886,0.03743923828005791
0.01248530950397253,0.03359394520521164
0.010993419215083122,0.09592757374048233
0.010935097932815552,0.10706963390111923
0.00948038138449192,0.15168145298957825
0.009503563866019249,0.12990795075893402
0.00847571063786745,0.14146113395690918
