loss,val_loss
0.1749948412179947,1.8934777975082397
0.00699943071231246,0.23684115707874298
0.004300570581108332,0.057525914162397385
0.0035549290478229523,0.016837889328598976
0.003167535178363323,0.0162445530295372
0.0029497023206204176,0.023349938914179802
0.002785278717055917,0.02867153473198414
0.002653112169355154,0.03215615078806877
0.0025795078836381435,0.032306235283613205
0.0024982811883091927,0.030381934717297554
