loss,val_loss
0.18862485885620117,27.647762298583984
0.017793627455830574,0.3792540431022644
0.012596274726092815,0.45668208599090576
0.011032681912183762,0.2601949870586395
0.010035872459411621,0.1757434457540512
0.009283103048801422,0.25719428062438965
0.00860551930963993,0.4180608093738556
0.00792604312300682,0.5621083378791809
0.00736517459154129,0.6150498986244202
0.006759354844689369,0.5406408309936523
