loss,val_loss
0.20103472471237183,0.07252760231494904
0.03090590052306652,0.027239518240094185
0.020812831819057465,0.017055142670869827
0.01740402914583683,0.017655011266469955
0.015225809998810291,0.01721012592315674
0.01408607792109251,0.01249726302921772
0.01256139762699604,0.014868898317217827
0.01192075852304697,0.013200527057051659
0.010738737881183624,0.018392467871308327
0.01024695672094822,0.016678661108016968
0.009218954481184483,0.020158808678388596
