fold,tail_mae_avg
1,0.0009991737500000097
2,0.0009616912500000074
3,0.0016310162499999976
4,0.0010233725000000082
5,0.000798573749999984
6,0.0011383037499999916
7,0.0012190387500000122
8,0.0011215837499999992
9,0.00107556250000001
10,0.0014842999999999968
11,0.0021433387499999955
