loss,val_loss
0.744017481803894,0.7570078372955322
0.2902795374393463,0.12970371544361115
0.03325279802083969,0.009483512490987778
0.019457699730992317,0.019885240122675896
0.016219398006796837,0.015024114400148392
0.014757680706679821,0.012540820054709911
0.013718188740313053,0.011419951915740967
0.012952843680977821,0.011278756894171238
