loss,val_loss
0.7643828988075256,0.8532922863960266
0.3702457845211029,0.24797868728637695
0.06038462743163109,0.009969975799322128
0.031273093074560165,0.030622797086834908
0.024445701390504837,0.01856766641139984
0.0213105920702219,0.020192217081785202
0.019343432039022446,0.01367590669542551
0.0175899937748909,0.012471475638449192
