loss,val_loss
0.06707976013422012,0.0031629514414817095
0.003063627751544118,0.0024624604266136885
0.002688916400074959,0.002151874825358391
0.0023059328086674213,0.001917947782203555
0.002117038704454899,0.0018213825533166528
0.0019031331175938249,0.0019951423164457083
0.0020192216616123915,0.0015764239942654967
0.0015714416513219476,0.001315978355705738
0.0014004965778440237,0.0015804809518158436
0.0013083955273032188,0.001791378133930266
0.0012816021917387843,0.0012155076256021857
0.0011951080523431301,0.0009315963252447546
0.001115988241508603,0.0009375640656799078
0.0011178741697221994,0.000959481461904943
0.0011400457005947828,0.0008971410570666194
0.0010030717821791768,0.0008543477160856128
0.0009428455377928913,0.0007098470232449472
0.0009139076573774219,0.0007516371551901102
0.000909693306311965,0.0007536860066466033
0.0008635749691165984,0.0006790416082367301
0.0008591827936470509,0.0006612746510654688
0.0008186075137928128,0.0005985467578284442
0.0008555945241823792,0.0006245776894502342
0.0007555916672572494,0.0005623593460768461
0.0007874019793234766,0.0005571951624006033
0.0008814320317469537,0.0006683225510641932
0.0007761397864669561,0.0005415542982518673
0.0007033302099443972,0.0005623441538773477
0.0007080460200086236,0.0005586778279393911
0.0007030426058918238,0.0005344839300960302
0.0007046598475426435,0.0005032470799051225
0.0006887741037644446,0.0005019746604375541
0.0006865225150249898,0.0004957111668772995
0.0006669613067060709,0.0004933998570777476
0.0006659399368800223,0.00048764649545773864
0.0006557067390531301,0.00047791717224754393
0.0006399102276191115,0.0004896707832813263
0.0006416431278921664,0.000481213181046769
0.0006362000131048262,0.00047990097664296627
