pred_open,pred_high,pred_low,pred_close,true_open,true_high,true_low,true_close
1.0889322379307766,1.089315106545023,1.0886185944794247,1.0889323512563196,1.0889500379562378,1.0897799730300903,1.0887099504470825,1.0895299911499023
1.088942251439497,1.0898429844948598,1.0885469222167008,1.0895223138731578,1.0895299911499023,1.089840054512024,1.0883100032806396,1.088879942893982
1.089522200486217,1.0898145477446102,1.0881944666148358,1.088872270197745,1.088879942893982,1.0901800394058228,1.0823899507522583,1.083299994468689
