pred_open,pred_high,pred_low,pred_close,true_open,true_high,true_low,true_close
1.0889322379307766,1.089315106545023,1.0886185944794247,1.0889323512563196,1.0889500379562378,1.0897799730300903,1.0887099504470825,1.0895299911499023
1.088942251439497,1.0898429844948598,1.0885469222167008,1.0895223138731578,1.0895299911499023,1.089840054512024,1.0883100032806396,1.088879942893982
1.089522200486217,1.0898145477446102,1.0881944666148358,1.088872270197745,1.088879942893982,1.0901800394058228,1.0823899507522583,1.083299994468689
1.0888721568784545,1.0901702135052063,1.0816793747303826,1.0832923610910652,1.0833100080490112,1.0835599899291992,1.0803200006484985,1.0805000066757202
1.083302261861198,1.082859786012667,1.0804763019011787,1.0804923930279628,1.0805100202560425,1.0807199478149414,1.0799700021743774,1.0801199674606323
1.0805022940894893,1.0805674110687247,1.0805202888223935,1.0801123564907875,1.0766899585723877,1.078160047531128,1.076259970664978,1.0777900218963623
1.0766822597211136,1.0783743083801636,1.0760285851997489,1.077782427344273,1.0777900218963623,1.0779999494552612,1.0748000144958496,1.0754200220108032
1.0777823151791062,1.078277746408661,1.0747448892164724,1.0754124441587085,1.0754200220108032,1.0768100023269653,1.0747900009155273,1.075659990310669
