loss,val_loss
0.030979594215750694,0.0008402253151871264
0.0017164224991574883,0.0009118717280216515
0.00152008596342057,0.0010147732682526112
0.0014055367792025208,0.0008683085907250643
0.001270171138457954,0.001103499555028975
0.0011750415433198214,0.0011916613439098
