loss,val_loss
0.46836715936660767,1.9653513431549072
0.20575369894504547,125.37527465820312
0.07768188416957855,33.6218376159668
0.05993495509028435,6.555132865905762
0.05337181314826012,1.2528947591781616
0.045191600918769836,0.11312783509492874
0.04026983305811882,0.10094338655471802
0.03598950058221817,0.771705687046051
0.03267624229192734,3.2473573684692383
0.030009126290678978,6.634284973144531
0.027451924979686737,4.955389499664307
0.024772392585873604,3.1970276832580566
