loss,val_loss
0.48787739872932434,1.0174049139022827
0.19078557193279266,2.954049825668335
0.04209917411208153,0.7039222121238708
0.029905464500188828,0.31228724122047424
0.025358807295560837,0.14992617070674896
0.021920843049883842,0.05876735970377922
0.01870037242770195,0.01648431271314621
0.015550734475255013,0.11670637130737305
0.0143042653799057,0.2466619312763214
0.01355300284922123,0.20366814732551575
0.012530062347650528,0.14875996112823486
0.011986873112618923,0.12688566744327545
