loss,val_loss
0.1172880306839943,0.015267575159668922
0.004910648800432682,0.005118316970765591
0.0036040558479726315,0.0023777144961059093
0.003422006731852889,0.0027249327395111322
0.0028421564493328333,0.005485253874212503
0.0027201517950743437,0.005633145570755005
0.0027103950269520283,0.005126915406435728
0.0024837031960487366,0.003351090010255575
