loss,val_loss
0.2985799014568329,0.4047826826572418
0.07259266078472137,0.32505106925964355
0.017979463562369347,0.11904384195804596
0.014102869667112827,0.053637806326150894
0.01187561172991991,0.02249213680624962
0.009983368217945099,0.0081935478374362
0.00890128593891859,0.009775432758033276
0.007775505539029837,0.031463392078876495
0.007618261035531759,0.02507171593606472
0.007266742177307606,0.048649270087480545
0.006290708668529987,0.046323154121637344
