{
  "model": "ARIMA",
  "input_mode": "OHLC_only",
  "split": 0.9854445734,
  "mae": {
    "open": 0.0016900737850605717,
    "high": 0.001474169619155941,
    "low": 0.0015817044358061507,
    "close": 0.001659423531867688,
    "avg": 0.0016013428429725877
  },
  "mae_pips": {
    "open": 16.90073785060572,
    "high": 14.74169619155941,
    "low": 15.817044358061507,
    "close": 16.59423531867688,
    "avg": 16.013428429725877
  },
  "targets": {
    "open": {
      "requested_order": [
        1,
        1,
        0
      ],
      "order_search": true,
      "selected_order": [
        1,
        0,
        0
      ],
      "used_order": [
        1,
        0,
        0
      ],
      "train_samples": 9343,
      "test_samples": 138,
      "aic": -88241.33988702249,
      "bic": -88227.05533574037,
      "search": {
        "selection_mode": "grid_search",
        "selection_metric": "aic",
        "selection_score": -88241.33988702249,
        "candidate_count": 18,
        "successful_candidates": 18,
        "failed_candidates": 0,
        "failed_details": []
      }
    },
    "high": {
      "requested_order": [
        1,
        1,
        0
      ],
      "order_search": true,
      "selected_order": [
        2,
        1,
        2
      ],
      "used_order": [
        2,
        1,
        2
      ],
      "train_samples": 9343,
      "test_samples": 138,
      "aic": -89768.20473081956,
      "bic": -89732.49495852401,
      "search": {
        "selection_mode": "grid_search",
        "selection_metric": "aic",
        "selection_score": -89768.20473081956,
        "candidate_count": 18,
        "successful_candidates": 18,
        "failed_candidates": 0,
        "failed_details": []
      }
    },
    "low": {
      "requested_order": [
        1,
        1,
        0
      ],
      "order_search": true,
      "selected_order": [
        2,
        1,
        2
      ],
      "used_order": [
        2,
        1,
        2
      ],
      "train_samples": 9343,
      "test_samples": 138,
      "aic": -89809.70438366057,
      "bic": -89773.99461136502,
      "search": {
        "selection_mode": "grid_search",
        "selection_metric": "aic",
        "selection_score": -89809.70438366057,
        "candidate_count": 18,
        "successful_candidates": 18,
        "failed_candidates": 0,
        "failed_details": []
      }
    },
    "close": {
      "requested_order": [
        1,
        1,
        0
      ],
      "order_search": true,
      "selected_order": [
        1,
        0,
        0
      ],
      "used_order": [
        1,
        0,
        0
      ],
      "train_samples": 9343,
      "test_samples": 138,
      "aic": -88330.56168558383,
      "bic": -88316.27713430171,
      "search": {
        "selection_mode": "grid_search",
        "selection_metric": "aic",
        "selection_score": -88330.56168558383,
        "candidate_count": 18,
        "successful_candidates": 18,
        "failed_candidates": 0,
        "failed_details": []
      }
    }
  }
}